[{"4007": {"county": "Gila", "state_id": 4, "state": "AZ", "top_cuisine": "American (New)", "top_5_cuisines": [{"name": "American (New)", "pos": 10.0}, {"name": "American (Traditional)", "pos": 10.0}]}}, {"4013": {"county": "Maricopa", "state_id": 4, "state": "AZ", "top_cuisine": "Arabian", "top_5_cuisines": [{"name": "Arabian", "pos": 9.50533462657614}, {"name": "French", "pos": 9.162416411651366}, {"name": "Mediterranean", "pos": 9.11094468813523}, {"name": "Vietnamese", "pos": 9.093470054650966}, {"name": "Greek", "pos": 9.034726872668134}]}}, {"6043": {"county": "Mariposa", "state_id": 4, "state": "AZ", "top_cuisine": "Arabian", "top_5_cuisines": [{"name": "Arabian", "pos": 9.50533462657614}, {"name": "French", "pos": 9.162416411651366}, {"name": "Mediterranean", "pos": 9.11094468813523}, {"name": "Vietnamese", "pos": 9.093470054650966}, {"name": "Greek", "pos": 9.034726872668134}]}}, {"4021": {"county": "Pinal", "state_id": 4, "state": "AZ", "top_cuisine": "Arabian", "top_5_cuisines": [{"name": "Arabian", "pos": 9.50533462657614}, {"name": "French", "pos": 9.162416411651366}, {"name": "Mediterranean", "pos": 9.11094468813523}, {"name": "Vietnamese", "pos": 9.093470054650966}, {"name": "Greek", "pos": 9.034726872668134}]}}, {"17019": {"county": "Champaign", "state_id": 17, "state": "IL", "top_cuisine": "Arabian", "top_5_cuisines": [{"name": "Arabian", "pos": 9.55056179775281}, {"name": "French", "pos": 9.516129032258064}, {"name": "Mediterranean", "pos": 9.09090909090909}, {"name": "Vietnamese", "pos": 8.920634920634921}, {"name": "Indian", "pos": 8.815028901734104}]}}, {"17031": {"county": "Cook", "state_id": 17, "state": "IL", "top_cuisine": "Arabian", "top_5_cuisines": [{"name": "Arabian", "pos": 9.55056179775281}, {"name": "French", "pos": 9.516129032258064}, {"name": "Mediterranean", "pos": 9.09090909090909}, {"name": "Vietnamese", "pos": 8.920634920634921}, {"name": "Indian", "pos": 8.815028901734104}]}}, {"55031": {"county": "Douglas", "state_id": 55, "state": "WI", "top_cuisine": "American (Traditional)", "top_5_cuisines": [{"name": "American (Traditional)", "pos": 10.0}, {"name": "Hawaiian", "pos": 9.612903225806452}, {"name": "French", "pos": 9.536082474226804}, {"name": "Mediterranean", "pos": 9.21831955922865}, {"name": "American (New)", "pos": 9.184779262360692}]}}, {"17147": {"county": "Piatt", "state_id": 17, "state": "IL", "top_cuisine": "American (Traditional)", "top_5_cuisines": [{"name": "American (Traditional)", "pos": 9.583333333333334}, {"name": "Arabian", "pos": 9.55056179775281}, {"name": "French", "pos": 9.516129032258064}, {"name": "Mediterranean", "pos": 9.09090909090909}, {"name": "Vietnamese", "pos": 8.920634920634921}]}}, {"17183": {"county": "Vermilion", "state_id": 17, "state": "IL", "top_cuisine": "American (Traditional)", "top_5_cuisines": [{"name": "American (Traditional)", "pos": 10.0}, {"name": "Arabian", "pos": 9.55056179775281}, {"name": "French", "pos": 9.516129032258064}, {"name": "Mediterranean", "pos": 9.09090909090909}, {"name": "Vietnamese", "pos": 8.920634920634921}]}}, {"18099": {"county": "Marshall", "state_id": 18, "state": "IN", "top_cuisine": "American (Traditional)", "top_5_cuisines": [{"name": "American (Traditional)", "pos": 10.0}]}}, {"36019": {"county": "Clinton", "state_id": 36, "state": "NY", "top_cuisine": "American (New)", "top_5_cuisines": [{"name": "American (New)", "pos": 10.0}, {"name": "American (Traditional)", "pos": 8.0}, {"name": "Italian", "pos": 7.333333333333333}]}}, {"37021": {"county": "Buncombe", "state_id": 37, "state": "NC", "top_cuisine": "Italian", "top_5_cuisines": [{"name": "Italian", "pos": 9.0}, {"name": "American (Traditional)", "pos": 7.5}]}}, {"37025": {"county": "Cabarrus", "state_id": 37, "state": "NC", "top_cuisine": "Indian", "top_5_cuisines": [{"name": "Indian", "pos": 9.534883720930234}, {"name": "Vietnamese", "pos": 9.523809523809524}, {"name": "Thai", "pos": 9.368932038834952}, {"name": "Asian Fusion", "pos": 8.903225806451614}, {"name": "Greek", "pos": 8.715596330275229}]}}, {"37071": {"county": "Gaston", "state_id": 37, "state": "NC", "top_cuisine": "Vietnamese", "top_5_cuisines": [{"name": "Vietnamese", "pos": 9.272727272727273}, {"name": "Mediterranean", "pos": 9.0625}, {"name": "Asian Fusion", "pos": 9.004524886877828}, {"name": "American (New)", "pos": 8.851612903225806}, {"name": "Thai", "pos": 8.789808917197453}]}}, {"37081": {"county": "Guilford", "state_id": 37, "state": "NC", "top_cuisine": "Vietnamese", "top_5_cuisines": [{"name": "Vietnamese", "pos": 9.272727272727273}, {"name": "Mediterranean", "pos": 9.0625}, {"name": "Asian Fusion", "pos": 9.004524886877828}, {"name": "American (New)", "pos": 8.851612903225806}, {"name": "Thai", "pos": 8.789808917197453}]}}, {"37119": {"county": "Mecklenburg", "state_id": 45, "state": "SC", "top_cuisine": "Mediterranean", "top_5_cuisines": [{"name": "Mediterranean", "pos": 9.836065573770492}, {"name": "Southern", "pos": 9.353932584269662}, {"name": "Chinese", "pos": 9.300411522633745}, {"name": "Mexican", "pos": 9.261363636363637}, {"name": "Greek", "pos": 9.117647058823529}]}}, {"37159": {"county": "Rowan", "state_id": 37, "state": "NC", "top_cuisine": "Chinese", "top_5_cuisines": [{"name": "Chinese", "pos": 10.0}, {"name": "French", "pos": 9.376152427781193}, {"name": "Vietnamese", "pos": 9.220193824656299}, {"name": "Mediterranean", "pos": 9.196089874525825}, {"name": "Greek", "pos": 9.010578718108276}]}}, {"37179": {"county": "Union", "state_id": 45, "state": "SC", "top_cuisine": "Mexican", "top_5_cuisines": [{"name": "Mexican", "pos": 10.0}, {"name": "Mediterranean", "pos": 9.836065573770492}, {"name": "Greek", "pos": 9.117647058823529}, {"name": "Asian Fusion", "pos": 8.88888888888889}, {"name": "Chinese", "pos": 8.88888888888889}]}}, {"32003": {"county": "Clark", "state_id": 32, "state": "NV", "top_cuisine": "French", "top_5_cuisines": [{"name": "French", "pos": 9.37042729787888}, {"name": "Greek", "pos": 9.207282227120581}, {"name": "Korean", "pos": 9.117929818939272}, {"name": "Japanese", "pos": 9.098005203816133}, {"name": "Mediterranean", "pos": 9.071122885673526}]}}, {"WRONG Location": {"county": "\u6e05\u4e30\u53bf", "state_id": 32, "state": "NV", "top_cuisine": "French", "top_5_cuisines": [{"name": "French", "pos": 9.37042729787888}, {"name": "Greek", "pos": 9.207282227120581}, {"name": "Korean", "pos": 9.117929818939272}, {"name": "Japanese", "pos": 9.098005203816133}, {"name": "Mediterranean", "pos": 9.071122885673526}]}}, {"42019": {"county": "Butler", "state_id": 42, "state": "PA", "top_cuisine": "American (Traditional)", "top_5_cuisines": [{"name": "American (Traditional)", "pos": 10.0}, {"name": "Hawaiian", "pos": 9.75206611570248}, {"name": "French", "pos": 9.449571522742255}, {"name": "Arabian", "pos": 9.285714285714286}, {"name": "Mediterranean", "pos": 9.242513211978862}]}}, {"39035": {"county": "Cuyahoga", "state_id": 39, "state": "OH", "top_cuisine": "French", "top_5_cuisines": [{"name": "French", "pos": 9.456177402323126}, {"name": "Indonesian", "pos": 9.411764705882353}, {"name": "Arabian", "pos": 9.354838709677418}, {"name": "Mediterranean", "pos": 9.346560276040544}, {"name": "Korean", "pos": 9.217557251908397}]}}, {"39055": {"county": "Geauga", "state_id": 39, "state": "OH", "top_cuisine": "French", "top_5_cuisines": [{"name": "French", "pos": 9.456177402323126}, {"name": "Indonesian", "pos": 9.411764705882353}, {"name": "Arabian", "pos": 9.354838709677418}, {"name": "Greek", "pos": 9.230769230769232}, {"name": "Korean", "pos": 9.217557251908397}]}}, {"21089": {"county": "Greenup", "state_id": 39, "state": "OH", "top_cuisine": "French", "top_5_cuisines": [{"name": "French", "pos": 9.456177402323126}, {"name": "Indonesian", "pos": 9.411764705882353}, {"name": "Arabian", "pos": 9.354838709677418}, {"name": "Greek", "pos": 9.230769230769232}, {"name": "Korean", "pos": 9.217557251908397}]}}, {"39085": {"county": "Lake", "state_id": 39, "state": "OH", "top_cuisine": "French", "top_5_cuisines": [{"name": "French", "pos": 9.456177402323126}, {"name": "Indonesian", "pos": 9.411764705882353}, {"name": "Arabian", "pos": 9.354838709677418}, {"name": "Korean", "pos": 9.217557251908397}, {"name": "Mediterranean", "pos": 9.141104294478527}]}}, {"39093": {"county": "Lorain", "state_id": 39, "state": "OH", "top_cuisine": "Greek", "top_5_cuisines": [{"name": "Greek", "pos": 9.573170731707316}, {"name": "Mediterranean", "pos": 9.559999999999999}, {"name": "Thai", "pos": 9.444444444444445}, {"name": "Indonesian", "pos": 9.411764705882353}, {"name": "Arabian", "pos": 9.354838709677418}]}}, {"39103": {"county": "Medina", "state_id": 39, "state": "OH", "top_cuisine": "Japanese", "top_5_cuisines": [{"name": "Japanese", "pos": 9.722222222222221}, {"name": "Thai", "pos": 9.523809523809524}, {"name": "Indonesian", "pos": 9.411764705882353}, {"name": "Mediterranean", "pos": 9.411764705882353}, {"name": "Arabian", "pos": 9.354838709677418}]}}, {"39133": {"county": "Portage", "state_id": 39, "state": "OH", "top_cuisine": "Thai", "top_5_cuisines": [{"name": "Thai", "pos": 9.444444444444445}, {"name": "Indonesian", "pos": 9.411764705882353}, {"name": "Arabian", "pos": 9.354838709677418}, {"name": "Korean", "pos": 9.217557251908397}, {"name": "Italian", "pos": 9.215686274509803}]}}, {"39141": {"county": "Ross", "state_id": 39, "state": "OH", "top_cuisine": "Thai", "top_5_cuisines": [{"name": "Thai", "pos": 9.444444444444445}, {"name": "Indonesian", "pos": 9.411764705882353}, {"name": "Arabian", "pos": 9.354838709677418}, {"name": "Korean", "pos": 9.217557251908397}, {"name": "Italian", "pos": 9.215686274509803}]}}, {"39153": {"county": "Summit", "state_id": 39, "state": "OH", "top_cuisine": "Korean", "top_5_cuisines": [{"name": "Korean", "pos": 9.67741935483871}, {"name": "French", "pos": 9.546599496221663}, {"name": "Indonesian", "pos": 9.411764705882353}, {"name": "Arabian", "pos": 9.354838709677418}, {"name": "Mediterranean", "pos": 9.237804878048781}]}}, {"42003": {"county": "Allegheny", "state_id": 42, "state": "PA", "top_cuisine": "Hawaiian", "top_5_cuisines": [{"name": "Hawaiian", "pos": 9.75206611570248}, {"name": "French", "pos": 9.449571522742255}, {"name": "Arabian", "pos": 9.285714285714286}, {"name": "Mediterranean", "pos": 9.242513211978862}, {"name": "Thai", "pos": 9.141248240262787}]}}, {"42007": {"county": "Beaver", "state_id": 42, "state": "PA", "top_cuisine": "Hawaiian", "top_5_cuisines": [{"name": "Hawaiian", "pos": 9.75206611570248}, {"name": "American (Traditional)", "pos": 9.523809523809524}, {"name": "French", "pos": 9.449571522742255}, {"name": "Arabian", "pos": 9.285714285714286}, {"name": "Mediterranean", "pos": 9.242513211978862}]}}, {"42011": {"county": "Berks", "state_id": 42, "state": "PA", "top_cuisine": "Hawaiian", "top_5_cuisines": [{"name": "Hawaiian", "pos": 9.75206611570248}, {"name": "American (Traditional)", "pos": 9.523809523809524}, {"name": "French", "pos": 9.449571522742255}, {"name": "Arabian", "pos": 9.285714285714286}, {"name": "Mediterranean", "pos": 9.242513211978862}]}}, {"42029": {"county": "Chester", "state_id": 42, "state": "PA", "top_cuisine": "Mexican", "top_5_cuisines": [{"name": "Mexican", "pos": 10.0}, {"name": "Hawaiian", "pos": 9.75206611570248}, {"name": "Indian", "pos": 9.583333333333334}, {"name": "French", "pos": 9.449571522742255}, {"name": "Mediterranean", "pos": 9.35897435897436}]}}, {"42091": {"county": "Montgomery", "state_id": 42, "state": "PA", "top_cuisine": "Mexican", "top_5_cuisines": [{"name": "Mexican", "pos": 10.0}, {"name": "Hawaiian", "pos": 9.75206611570248}, {"name": "Indian", "pos": 9.583333333333334}, {"name": "French", "pos": 9.449571522742255}, {"name": "Mediterranean", "pos": 9.35897435897436}]}}, {"42117": {"county": "Tioga", "state_id": 42, "state": "PA", "top_cuisine": "Mexican", "top_5_cuisines": [{"name": "Mexican", "pos": 10.0}, {"name": "Hawaiian", "pos": 9.75206611570248}, {"name": "Indian", "pos": 9.583333333333334}, {"name": "French", "pos": 9.449571522742255}, {"name": "Mediterranean", "pos": 9.35897435897436}]}}, {"42125": {"county": "Washington", "state_id": 42, "state": "PA", "top_cuisine": "Korean", "top_5_cuisines": [{"name": "Korean", "pos": 9.772727272727273}, {"name": "Hawaiian", "pos": 9.75206611570248}, {"name": "Mediterranean", "pos": 9.65909090909091}, {"name": "Thai", "pos": 9.583333333333334}, {"name": "French", "pos": 9.449571522742255}]}}, {"42129": {"county": "Westmoreland", "state_id": 42, "state": "PA", "top_cuisine": "Korean", "top_5_cuisines": [{"name": "Korean", "pos": 9.772727272727273}, {"name": "Hawaiian", "pos": 9.75206611570248}, {"name": "Mediterranean", "pos": 9.71830985915493}, {"name": "Greek", "pos": 9.583333333333334}, {"name": "Japanese", "pos": 9.565217391304348}]}}, {"45091": {"county": "York", "state_id": 45, "state": "SC", "top_cuisine": "Greek", "top_5_cuisines": [{"name": "Greek", "pos": 9.705882352941176}, {"name": "Mediterranean", "pos": 9.5}, {"name": "Southern", "pos": 9.204819277108435}, {"name": "American (New)", "pos": 9.069423929098967}, {"name": "American (Traditional)", "pos": 8.654114365411436}]}}, {"55025": {"county": "Dane", "state_id": 55, "state": "WI", "top_cuisine": "Hawaiian", "top_5_cuisines": [{"name": "Hawaiian", "pos": 9.612903225806452}, {"name": "French", "pos": 9.536082474226804}, {"name": "Mediterranean", "pos": 9.21831955922865}, {"name": "American (New)", "pos": 9.184779262360692}, {"name": "Southern", "pos": 9.102564102564102}]}}, {"55045": {"county": "Green", "state_id": 55, "state": "WI", "top_cuisine": "Italian", "top_5_cuisines": [{"name": "Italian", "pos": 10.0}, {"name": "Hawaiian", "pos": 9.612903225806452}, {"name": "French", "pos": 9.536082474226804}, {"name": "Mediterranean", "pos": 9.21831955922865}, {"name": "Southern", "pos": 9.102564102564102}]}}, {"55127": {"county": "Walworth", "state_id": 55, "state": "WI", "top_cuisine": "American (Traditional)", "top_5_cuisines": [{"name": "American (Traditional)", "pos": 10.0}, {"name": "Italian", "pos": 10.0}, {"name": "Hawaiian", "pos": 9.612903225806452}, {"name": "French", "pos": 9.536082474226804}, {"name": "Mediterranean", "pos": 9.21831955922865}]}}]