[{"id": 4, "name": "Arizona", "top_cuisine": "American (New)", "top_5_cuisines": [{"name": "American (New)", "pos": 7.629087540969254, "count": 176937, "top_5_restaurants": ["nfDPXxOOVAU6OpI9sl3Flw", "KP-f7in9RSapddzIVRBE1Q", "vM92DKxz5XJGm6Q5brHuGA", "K0hEFxUJiwsiLOnIm4tHOw", "KDh82ODr4adz9ck6ltQ_YQ"]}, {"name": "Arabian", "pos": 7.6066560749081855, "count": 1031, "top_5_restaurants": ["16d3BlncEyCTzb0GxXrBXQ", "tnG4_L5bZiffTbaFru9EBg", "WnrK19zBdW3ATWRc9RjYMA", "--g-a85VwrdZJNf0R95GcQ", "jFVcpqn1Q85AEDGQDv91mg"]}, {"name": "Italian", "pos": 7.404092153793262, "count": 98936, "top_5_restaurants": ["K99GG6-YZp5JbIe4oPbRsQ", "q-YQIvBSNZxYJl1xuB0H_w", "xrYcZxAHSfwO1BdtdxdVjw", "kplbTXzOaUJqP2BwanoYjw", "dhaSDuAoZI0K3hp8aU7otQ"]}, {"name": "Mediterranean", "pos": 7.375367306205822, "count": 37388, "top_5_restaurants": ["GWaS_XugSFzw1g8SEbpmHQ", "K99GG6-YZp5JbIe4oPbRsQ", "KEwpIojt2zYIIt47FTlGCA", "p1MZyPUMflxMARQ6I8X3Kw", "_lD9Y_0OfzZjfz5s-FVwqQ"]}, {"name": "French", "pos": 7.3503721406594975, "count": 8823, "top_5_restaurants": ["EXAbfr5PkoRzMqlCb_3ALQ", "diw9UvW8mE24RGs-NXB_Tw", "HyKtNKSuxy9iCX2I7havKQ", "lY3XZS7RJrGzZtyjWW3tOQ", "oPZBmtQnESS5VAGl31knTw"]}]}, {"id": 17, "name": "Illinois", "top_cuisine": "Arabian", "top_5_cuisines": [{"name": "Arabian", "pos": 7.6495715619146445, "count": 89, "top_5_restaurants": ["SCxtzXcvyk1hygdmOZqd1A"]}, {"name": "French", "pos": 7.619257963673515, "count": 62, "top_5_restaurants": ["epvLkQNL6MOvk3s6JlTntA", "wfO1xdAeJMb_miGDU19W-w"]}, {"name": "Mexican", "pos": 7.332597955702352, "count": 2921, "top_5_restaurants": ["PUe3Oz-VAPMXbu_zQ51dYQ", "WU7HnTim3UgqdtpKCavtOw", "xX2uM2EIeR03KrGBCrOrcA", "RePugRsryh7skCUdEAeDfQ", "daNKquKlJrBZ8CIG9jxnVA"]}, {"name": "Mediterranean", "pos": 7.316697958936467, "count": 429, "top_5_restaurants": ["SCxtzXcvyk1hygdmOZqd1A", "E1R-eyNDimJzdtajqh9KsQ", "Gvox18F9QxsSS9qG2O8E-A", "kyXEnWKQGWSThY6EcjORuw", "fY0Dpw5a3i1CMjMuT2SaDQ"]}, {"name": "American (New)", "pos": 7.230300970972193, "count": 2705, "top_5_restaurants": ["bYscwOmCux0HRXF9nJ4qBQ", "HvRWUE3yP3mY4mZiG6UtJg", "L57D-jGExAu6HwjByT8BOQ", "ngqQHvtrT8QxGF3e6yrmeg", "YrZxRSTg_dVbZd5PXz7G5Q"]}]}, {"id": 18, "name": "Indiana", "top_cuisine": "American (Traditional)", "top_5_cuisines": [{"name": "American (Traditional)", "pos": 10.0, "count": 7, "top_5_restaurants": ["GntfUKLnS3CclL-lCBoJ1w"]}]}, {"id": 36, "name": "NewYork", "top_cuisine": "American (New)", "top_5_cuisines": [{"name": "American (New)", "pos": 8.372093023255815, "count": 8, "top_5_restaurants": ["0oyzNutZ--rBqP_boeegPg"]}, {"name": "American (Traditional)", "pos": 7.330232558139535, "count": 20, "top_5_restaurants": ["jH19V2I9fIslnNhDzPmdkA", "BmZu5ackYYCrgQIaJ3-r9A"]}, {"name": "Italian", "pos": 6.564341085271318, "count": 15, "top_5_restaurants": ["BmZu5ackYYCrgQIaJ3-r9A"]}]}, {"id": 37, "name": "NorthCarolina", "top_cuisine": "French", "top_5_cuisines": [{"name": "French", "pos": 7.534685163359487, "count": 3258, "top_5_restaurants": ["USleI8g1UVN9-9jm-b4uIg", "V0iYi5OjdRcz82m95jV7vQ", "rrfe1RPh6t3QG7BRghzjYA", "4cWrtMvfj-tomyEPgP7KFg", "5VCVQJE1VAslUH7xSB6w_w"]}, {"name": "American (New)", "pos": 7.5020891814846085, "count": 38128, "top_5_restaurants": ["RGK23CEkDfYHWtUbRhA-bQ", "G7QGwPZjCVmvcEsC3ARoYg", "NxzrO9KaQezZEzSpRqCxwA", "zL7ur9zT-WIUTHJrrh_xSg", "MUIP2T5ZUUm4gvzTF0SVeQ"]}, {"name": "Vietnamese", "pos": 7.4304903366712844, "count": 4679, "top_5_restaurants": ["iHeP8OmTwcqYeyMuEpIaxw", "yrUDeng1LrDvgyyjI5GiHA", "kP0v0HJigbjhlpVyWgkvuw", "mN4DdfHu2Ztjl8s3yl7bWA", "9JCoZV4eKH1HtzavRJy03g"]}, {"name": "Mediterranean", "pos": 7.423817015755435, "count": 6955, "top_5_restaurants": ["kBJ3pnyWEhZ3WKYN0dHB7w", "rrfe1RPh6t3QG7BRghzjYA", "tJHF0eta2A_z5e9nTpONQg", "S7fA-BQsqQk31ZqRN5of-w", "GQxGCQ49DZzHgu7ZpxajsA"]}, {"name": "Thai", "pos": 7.302955408335908, "count": 4793, "top_5_restaurants": ["HhcBx0LSDkxRBKMkvkwSoA", "LimaR9NIDGwRP58Jc9SsQQ", "VmJhxqhGnaPgtL9wZ6IQBA", "0gEClh2fiZO2OVEu8__Zsw", "6m_P2yqUDOksCGShPC8bPA"]}]}, {"id": 32, "name": "Nevada", "top_cuisine": "French", "top_5_cuisines": [{"name": "French", "pos": 7.5628502586821185, "count": 32530, "top_5_restaurants": ["4JNXUYY8wbaaDmk3BPzlWw", "Tefx_N6A6nrsdj4jHHnbYg", "94GL9JkTuhSqSZ94RS5Dkw", "aveqqTTutqV5tOl3_SeI8A", "H2mDO9cvF-WLvyZexCyvZw"]}, {"name": "American (New)", "pos": 7.528691806272141, "count": 191410, "top_5_restaurants": ["-1m9o3vGRA8IBPNvNqKLmA", "pmJqSsCfgbo3TxPWpQNLIw", "wZCdr3iLTE6aa9kiVxWJWQ", "8fjF2NIPSM0Ar1hed2tdog", "xU_QqrlaxXlf2SKoNIaGpg"]}, {"name": "Japanese", "pos": 7.46227653558184, "count": 89934, "top_5_restaurants": ["wZkjm9TGa7nXLYHxhIRO5w", "sKA6EOpxvBtCg7Ipuhl1RQ", "yUqJReOv26454QkjGz37Yw", "WMJEQ1DoElaxLGTO1X5XVw", "gFjHMjQXn5pbObxJupiuPA"]}, {"name": "Greek", "pos": 7.390869176754029, "count": 12249, "top_5_restaurants": ["xU_QqrlaxXlf2SKoNIaGpg", "T2leBbQ41BEHVJxxhkt_FA", "qymbG4V5vC01eLF6LOZPQQ", "VsRAIb4k5CjEF-3l_bac0g", "L1-1P3acJc4gEFvWwjXcNQ"]}, {"name": "Korean", "pos": 7.345383394233548, "count": 24964, "top_5_restaurants": ["hihud--QRriCYZw1zZvW4g", "azzs6H7CcIHt_acKJF6UfQ", "cOqd9ou3uf-1k3OWFo-_CQ", "uz77ng57t-sFnEjKbTAPrQ", "-AGdGGCeTS-njB_8GkUmjQ"]}]}, {"id": 39, "name": "Ohio", "top_cuisine": "American (New)", "top_5_cuisines": [{"name": "American (New)", "pos": 7.680340205828011, "count": 38543, "top_5_restaurants": ["fZU9ZoMmuzO-b5071LvrWg", "BT7FeQ8VkpHrU9qihvGD3w", "4GkiahNmE3G3-RFn3xrAYg", "9-Mfo1JItBhTkhGgYg1X1A", "ajCLNse9PXoZniKna0S69Q"]}, {"name": "French", "pos": 7.586860450759924, "count": 2321, "top_5_restaurants": ["SzcCJJmreMlWCsNjupdVAA", "LtDYRcMJbJPhXPEklT29Fw", "p2OvNFiFKnRoWSRON4-lcA", "intKyiipUlHDWi_chv0f3A", "XZUT68Q5ykgu_fgXfXPOFQ"]}, {"name": "Mediterranean", "pos": 7.538513897232019, "count": 5623, "top_5_restaurants": ["3z70db5MNhCBPpIaRCB5nQ", "BT7FeQ8VkpHrU9qihvGD3w", "gWz6E7v0i403_t8Ntor5JQ", "KnaIbUk-eQm_tEsENO1oFw", "intKyiipUlHDWi_chv0f3A"]}, {"name": "Indonesian", "pos": 7.529642457734882, "count": 17, "top_5_restaurants": ["-H3hHmLfDmXQyuAlb3qFfg"]}, {"name": "Arabian", "pos": 7.484291643265404, "count": 31, "top_5_restaurants": ["3eYjYgsJxvRk7ULU9Lx4WA", "F7tBX4pRGhWxAXr4Ld7dzQ", "ZTiGNjJq9Wu7ImuQyfmmXQ"]}]}, {"id": 42, "name": "Pennsylvania", "top_cuisine": "Hawaiian", "top_5_cuisines": [{"name": "Hawaiian", "pos": 7.803413776205412, "count": 121, "top_5_restaurants": ["lPcKVCwnnx54lJR5BXFbKQ", "hNCKIrMJSacjMiWVwRb_YQ"]}, {"name": "American (New)", "pos": 7.695513207052415, "count": 35681, "top_5_restaurants": ["MwjZPmEoWlHy1rp7qrmBsw", "NAeUcNL3Uk73Cp5iC25TMg", "vGbzUluZ-vEPaIPPcUR8oQ", "0OkfU0vDBprsIEd5hWuhAQ", "A96UMn--KouLcMO6DUi8Ng"]}, {"name": "French", "pos": 7.603810284095966, "count": 3034, "top_5_restaurants": ["xcmmTXhuMx2fZF2Bt69F4w", "noCKeynzdlWBQsVsAFZMpA", "nwN2iLdDDEYU5-qkLEsPNw", "jalA5zHW8ZfY3RSPG7oDxQ", "oS96aJIHFWcFAlGHKKXjaw"]}, {"name": "Mediterranean", "pos": 7.483710002439805, "count": 5346, "top_5_restaurants": ["cHcYk5bJn3Nh9ARJjQVq8Q", "BC5MXeRMkw4jheSb-GVQBA", "tuB82m4oIlKLyWeQjEF16g", "ytU-tGhd5ZW9ouWW6JHpMg", "fnyVBTHEhi3cN1H8FM9UcA"]}, {"name": "Arabian", "pos": 7.42979386019166, "count": 84, "top_5_restaurants": ["eFwpKQB9EQtblKx65FuXLw"]}]}, {"id": 45, "name": "SouthCarolina", "top_cuisine": "Mediterranean", "top_5_cuisines": [{"name": "Mediterranean", "pos": 7.751785834657422, "count": 161, "top_5_restaurants": ["Jxi4Jb7yp-QfYUeUaXaYKQ", "yPIHOfXNz4LNTWFjCTFWgA", "Iz3Cpk4HEd88K0niEmdK5w"]}, {"name": "Southern", "pos": 7.648558296337675, "count": 791, "top_5_restaurants": ["tTEtAzGbydufWtgOqCMquA", "1ylgrtS3iSNaf3V68kw4bw", "nPB_oUbkXcgOiLYVmYrjog", "Ej_13Aok2GfnB9jr-FNvNg", "3ZKP5gCoUqao6zCIrLfdPw"]}, {"name": "Greek", "pos": 7.639471044231645, "count": 102, "top_5_restaurants": ["yPIHOfXNz4LNTWFjCTFWgA", "u5Xa3N90_jhbBGKU2e4Y3w", "2DODGcOKKhegTzscdwWRig"]}, {"name": "American (Traditional)", "pos": 7.4376035416226, "count": 2089, "top_5_restaurants": ["se0gRg5L3gggUfUPOaKsmA", "9ts9JvymISMRwqlPZZHqCQ", "Uoa1YNUbHbIINY4vM2TPLQ", "0yXgJmfOCvxbWM0FZ0YMmQ", "_weCk0u7mXj1jwSEvdDOoA"]}, {"name": "American (New)", "pos": 7.433081353850239, "count": 934, "top_5_restaurants": ["1ylgrtS3iSNaf3V68kw4bw", "IWjkXz2x9CtGmuF5w4Vweg", "C5ttvPhTzSyS0JJBC73eAw", "Jxi4Jb7yp-QfYUeUaXaYKQ", "qe1HlnWwBfOOy76_7sirkA"]}]}, {"id": 55, "name": "Wisconsin", "top_cuisine": "American (New)", "top_5_cuisines": [{"name": "American (New)", "pos": 7.830303862645696, "count": 16255, "top_5_restaurants": ["nsw3tlB-hwz4KbPYcuaSww", "b3RN5ZF0F23CpXM9RIL1Zw", "HaezrlAFPdhQlV2VCUnz7g", "ow93ue9XJa0uesCmdnRhEw", "AQpa7zmLctO7b9mdFU-_Og"]}, {"name": "Hawaiian", "pos": 7.694927316095683, "count": 155, "top_5_restaurants": ["VTJIw7e4s5MSkg4OdNer6w"]}, {"name": "French", "pos": 7.657682710910513, "count": 970, "top_5_restaurants": ["SBnpT6JDbah-5l_52GM5sw", "Dcj69NZJnbJhK-YHP_nULA", "STX8NfaW_xP6YZq-wERHYg", "PqLYjUuzSIUU94emDWxwLg", "Xrqd7hdpa5HYWdIegacTpw"]}, {"name": "American (Traditional)", "pos": 7.578145342587759, "count": 16585, "top_5_restaurants": ["27nh-2hNnNkf2dBk9aeKHQ", "dsvLqlcYaD0QbVGjVKm-lg", "s44Pr0mXmAtxiRqz_m9CPA", "OHlWeG019fqPbvYO5ZDEqg", "Nqqk6Jr_SuC1LIrFTY3s9Q"]}, {"name": "Mediterranean", "pos": 7.460927594146237, "count": 2904, "top_5_restaurants": ["nsw3tlB-hwz4KbPYcuaSww", "OoI3WUe4Xl86d53avy3oVA", "CQNq2sgLokwOVf4OL-19Hg", "VozM1JCr5ymSambcvx0TAg", "PbeDPF59J-bjBsUxLUGZhQ"]}]}]