
[{"id": 4, "name": "Arizona", "type": "Arabian"}, {"id": 17, "name": "Illinois", "type": "Arabian"}, {"id": 18, "name": "Indiana", "type": "American (Traditional)"}, {"id": 36, "name": "NewYork", "type": "American (New)"}, {"id": 37, "name": "NorthCarolina", "type": "French"}, {"id": 32, "name": "Nevada", "type": "French"}, {"id": 39, "name": "Ohio", "type": "French"}, {"id": 42, "name": "Pennsylvania", "type": "Hawaiian"}, {"id": 45, "name": "SouthCarolina", "type": "Mediterranean"}, {"id": 55, "name": "Wisconsin", "type": "Hawaiian"}]